Fall_Nr.;Liste;VP-Nr;Alter;Geschlecht;Muttersprache deutsch;weitere Muttersprachen;Händigkeit;Item;Condition;Unnamed: 10;Prompt;Fortsetzung;Art der Fortsetzung;Bias;Form der 1. Anapher;Kommentar;Timestamp;Torgrim_Art_Fortsetzung;Torgrim_Bias;Torgrim_Anapherntyp;Unnamed: 21;Human;ChatGPT
855;Liste2;15;24;f;deutsch;nein;rechts;15;4;<id: item 15, condition 4>;Die Elisabeth verabscheute den Andre im Laufe der letzten Jahre in immer stärkerem Maß, weil ;er ihr so viele Kunden weggeschnappt hat.;2;objekt;pers;;14056005703029.0;;;;;Die Elisabeth verabscheute den Andre im Laufe der letzten Jahre in immer stärkerem Maß, weil er ihr so viele Kunden weggeschnappt hat.;Die Elisabeth verabscheute den Andre im Laufe der letzten Jahre in immer stärkerem Maß, weil 
542;Liste3;10;28;f;deutsch;nein;rechts;2;2;<id: item 2, condition 2>;Die Laura bedauerte den Sebastian für die schlechte Note in Mathematik, weil ;sie weiß, dass seine Versetzung dadurch gefährdet sein könnte.;1;subjekt;pers;;14055944010128.0;;;;;Die Laura bedauerte den Sebastian für die schlechte Note in Mathematik, weil sie weiß, dass seine Versetzung dadurch gefährdet sein könnte.;Die Laura bedauerte den Sebastian für die schlechte Note in Mathematik, weil 
1019;Liste2;17;22;f;deutsch;nein;rechts;59;4;<id: item 59, condition 4>;Die Jennifer verblüffte den Kevin in der vorletzten Woche aufs Allerheftigste, weil ;sie ein Projekt im Alleingang fertigstellte.;1;subjekt;pers;;14055078333651.0;;;;;Die Jennifer verblüffte den Kevin in der vorletzten Woche aufs Allerheftigste, weil sie ein Projekt im Alleingang fertigstellte.;Die Jennifer verblüffte den Kevin in der vorletzten Woche aufs Allerheftigste, weil 
1817;Liste4;31;27;f;deutsch;Türkisch;rechts;17;4;<id: item 17, condition 4>;Die Nadine verehrte den Stephan über jedes vorstellbare Maß hinaus, weil ;sie noch keinen Tag erlebt hat, an dem er nicht Tiptop gekleidet ist..;1;subjekt;pers;;14055122079782.0;;;;;Die Nadine verehrte den Stephan über jedes vorstellbare Maß hinaus, weil sie noch keinen Tag erlebt hat, an dem er nicht Tiptop gekleidet ist..;Die Nadine verehrte den Stephan über jedes vorstellbare Maß hinaus, weil 
307;Liste2;6;25;f;deutsch;nein;rechts;7;4;<id: item 7, condition 4>;Die Franziska fürchtete den Jan schon seit langer Zeit über jedes erdenkliche Maß hinaus, weil ;er einen seltsamen blick hat.;1;objekt;pers;;14055936623237.0;;;;;Die Franziska fürchtete den Jan schon seit langer Zeit über jedes erdenkliche Maß hinaus, weil er einen seltsamen blick hat.;Die Franziska fürchtete den Jan schon seit langer Zeit über jedes erdenkliche Maß hinaus, weil 
1242;Liste2;21;24;f;deutsch;nein;rechts;42;1;<id: item 42, condition 1>;Der Leon ängstigte die Anne durch aggressives Verhalten gegenüber den Teilnehmern, weil ;sie aggressives Verhalten beängstigend findet.;1;objekt;pers;;14056010928088.0;;;;;Der Leon ängstigte die Anne durch aggressives Verhalten gegenüber den Teilnehmern, weil sie aggressives Verhalten beängstigend findet.;Der Leon ängstigte die Anne durch aggressives Verhalten gegenüber den Teilnehmern, weil 
301;Liste2;6;25;f;deutsch;nein;rechts;1;2;<id: item 1, condition 2>;Die Elena achtete den Bastian für das Engagement im Umweltschutz, weil ;die Zukunft uns alle betrifft.;0;;;;14055933709256.0;;;;;Die Elena achtete den Bastian für das Engagement im Umweltschutz, weil die Zukunft uns alle betrifft.;Die Elena achtete den Bastian für das Engagement im Umweltschutz, weil 
667;Liste1;12;20;f;deutsch;Englisch;rechts;7;3;<id: item 7, condition 3>;Der Jan fürchtete die Franziska schon seit langer Zeit über jedes erdenkliche Maß hinaus, weil ;sie immer seinen wunden Punkt findet und angreift.;1;objekt;pers;;14055966686715.0;;;;;Der Jan fürchtete die Franziska schon seit langer Zeit über jedes erdenkliche Maß hinaus, weil sie immer seinen wunden Punkt findet und angreift.;Der Jan fürchtete die Franziska schon seit langer Zeit über jedes erdenkliche Maß hinaus, weil 
341;Liste2;6;25;f;deutsch;nein;rechts;41;2;<id: item 41, condition 2>;Die Amelia amüsierte den Fabian durch das Erzählen von Witzen über Kollegen, weil ;er ihr gerne den Tag versüßt.;ns;;;;1405593296495.0;2;objekt;pers;;Die Amelia amüsierte den Fabian durch das Erzählen von Witzen über Kollegen, weil er ihr gerne den Tag versüßt.;Die Amelia amüsierte den Fabian durch das Erzählen von Witzen über Kollegen, weil 
1517;Liste3;26;26;f;deutsch;nein;rechts;17;3;<id: item 17, condition 3>;Der Stephan verehrte die Nadine über jedes vorstellbare Maß hinaus, weil ;sie die kreativste Person ist die er je getroffen hat.;1;objekt;pers;;14055096810039.0;;;;;Der Stephan verehrte die Nadine über jedes vorstellbare Maß hinaus, weil sie die kreativste Person ist die er je getroffen hat.;Der Stephan verehrte die Nadine über jedes vorstellbare Maß hinaus, weil 
1317;Liste3;22;20;f;deutsch;nein;rechts;57;3;<id: item 57, condition 3>;Der Max störte die Kathrin über alle Maßen während der Höhlenerkundung, weil ;er nicht aufhörte zu reden.;1;subjekt;pers;;14055084560024.0;;;;;Der Max störte die Kathrin über alle Maßen während der Höhlenerkundung, weil er nicht aufhörte zu reden.;Der Max störte die Kathrin über alle Maßen während der Höhlenerkundung, weil 
1612;Liste3;27;20;f;deutsch;Bosnisch;rechts;52;4;<id: item 52, condition 4>;Die Judith faszinierte den Benjamin seit dem Betriebsfest auf eine besondere Art und Weise, weil ;sie sich so locker und unbeschwert verhalten hatte. ;1;subjekt;pers;;14055964349777.0;;;;;Die Judith faszinierte den Benjamin seit dem Betriebsfest auf eine besondere Art und Weise, weil sie sich so locker und unbeschwert verhalten hatte. ;Die Judith faszinierte den Benjamin seit dem Betriebsfest auf eine besondere Art und Weise, weil 
499;Liste1;9;22;m;deutsch;nein;rechts;19;3;<id: item 19, condition 3>;Der David vermisste die Luise besonders oft an den lauen Sommerabenden, weil ;sie da immer zusammen Bier getrunken hatten;pl;;;;14056042096491.0;;;;;Der David vermisste die Luise besonders oft an den lauen Sommerabenden, weil sie da immer zusammen Bier getrunken hatten;Der David vermisste die Luise besonders oft an den lauen Sommerabenden, weil 
419;Liste4;7;22;m;deutsch;nein;rechts;59;2;<id: item 59, condition 2>;Die Jennifer verblüffte den Kevin durch einen unerwarteten Kuss auf den Mund, weil ;er nie gedacht hätte, dass sie ihn mögen könnte.;1;objekt;pers;;1405594453.48;;;;;Die Jennifer verblüffte den Kevin durch einen unerwarteten Kuss auf den Mund, weil er nie gedacht hätte, dass sie ihn mögen könnte.;Die Jennifer verblüffte den Kevin durch einen unerwarteten Kuss auf den Mund, weil 
1436;Liste1;24;19;m;deutsch;nein;rechts;56;2;<id: item 56, condition 2>;Die Johanna schockierte den Niko durch eine Striptease Einlage nach dem Essen, weil ;sie nicht die Figur hat um so eine Nummer durchzuziehen.;1;subjekt;pers;;14055964533221.0;;;;;Die Johanna schockierte den Niko durch eine Striptease Einlage nach dem Essen, weil sie nicht die Figur hat um so eine Nummer durchzuziehen.;Die Johanna schockierte den Niko durch eine Striptease Einlage nach dem Essen, weil 
665;Liste1;12;20;f;deutsch;Englisch;rechts;5;1;<id: item 5, condition 1>;Der Phillip bewunderte die Emma für die Neuzüchtung einer Orchideenart, weil ;er so etwas nicht könnte.;1;subjekt;pers;;14055964898068.0;;;;;Der Phillip bewunderte die Emma für die Neuzüchtung einer Orchideenart, weil er so etwas nicht könnte.;Der Phillip bewunderte die Emma für die Neuzüchtung einer Orchideenart, weil 
418;Liste4;7;22;m;deutsch;nein;rechts;58;3;<id: item 58, condition 3>;Der Ramon überraschte die Helene vorgestern Nachmittag in allerhöchstem Maße, weil ;er ein Frühstück für die Belegschaft ausgab.;1;subjekt;pers;;14055946981251.0;;;;;Der Ramon überraschte die Helene vorgestern Nachmittag in allerhöchstem Maße, weil er ein Frühstück für die Belegschaft ausgab.;Der Ramon überraschte die Helene vorgestern Nachmittag in allerhöchstem Maße, weil 
844;Liste2;15;24;f;deutsch;nein;rechts;4;3;<id: item 4, condition 3>;Der Martin beneidete die Saskia über jedes angemessene Maß hinaus, weil ;sie zudem noch mit einem Richter verheiratet ist.;1;objekt;pers;;14056005531586.0;;;;;Der Martin beneidete die Saskia über jedes angemessene Maß hinaus, weil sie zudem noch mit einem Richter verheiratet ist.;Der Martin beneidete die Saskia über jedes angemessene Maß hinaus, weil 
46;Liste4;1;24;m;deutsch;nein;rechts;46;3;<id: item 46, condition 3>;Der Timo bezauberte die Marlene auf fast schon magische Art und Weise, weil ;er charmant und witzig ist und ihr das Gefühl gibt, die wichtigste Frau auf der Welt zu sein.;1;subjekt;pers;;14055986038469.0;;;;;Der Timo bezauberte die Marlene auf fast schon magische Art und Weise, weil er charmant und witzig ist und ihr das Gefühl gibt, die wichtigste Frau auf der Welt zu sein.;Der Timo bezauberte die Marlene auf fast schon magische Art und Weise, weil 
826;Liste3;14;24;m;deutsch;nein;rechts;46;2;<id: item 46, condition 2>;Die Marlene bezauberte den Timo durch das schöne Harfenspiel im Schulorchester, weil ;sie eine grazile Eleganz beim Zupfen der Saiten verströmte.;1;subjekt;pers;;14055976922327.0;1;subjekt;pers;;Die Marlene bezauberte den Timo durch das schöne Harfenspiel im Schulorchester, weil sie eine grazile Eleganz beim Zupfen der Saiten verströmte.;Die Marlene bezauberte den Timo durch das schöne Harfenspiel im Schulorchester, weil 
1490;Liste1;25;37;f;deutsch;nein;rechts;50;4;<id: item 50, condition 4>;Die Annalena erschreckte den Yannik vor wenigen Minuten äußerst heftig, weil ;"sie sich versteckt hatte und mit einem lauten ""Bu"" vor ihm herausgesprungen war.";1;subjekt;pers;;14055105024598.0;;;;;"Die Annalena erschreckte den Yannik vor wenigen Minuten äußerst heftig, weil sie sich versteckt hatte und mit einem lauten ""Bu"" vor ihm herausgesprungen war.";Die Annalena erschreckte den Yannik vor wenigen Minuten äußerst heftig, weil 
1994;Liste4;34;25;m;deutsch;nein;rechts;14;3;<id: item 14, condition 3>;Der Florian sorgte sich um die Melanie mit stetig wachsender Unruhe, weil ;er schon lange kein Geräusch mehr von ihr hörte.;2;subjekt;pers;;14055966168544.0;;;;;Der Florian sorgte sich um die Melanie mit stetig wachsender Unruhe, weil er schon lange kein Geräusch mehr von ihr hörte.;Der Florian sorgte sich um die Melanie mit stetig wachsender Unruhe, weil 
674;Liste1;12;20;f;deutsch;Englisch;rechts;14;4;<id: item 14, condition 4>;Die Melanie sorgte sich um den Florian mit stetig wachsender Unruhe, weil ;sie ihn nichtmehr hörte.;2;subjekt;pers;;14055976556852.0;;;;;Die Melanie sorgte sich um den Florian mit stetig wachsender Unruhe, weil sie ihn nichtmehr hörte.;Die Melanie sorgte sich um den Florian mit stetig wachsender Unruhe, weil 
732;Liste4;13;19;f;deutsch;nein;rechts;12;1;<id: item 12, condition 1>;Der Peter respektierte die Katharina für die sachliche Art zu diskutieren, weil ;er selber Schwierigkeiten hat, sachlich zu bleiben.;1;subjekt;pers;;14055074273794.0;;;;;Der Peter respektierte die Katharina für die sachliche Art zu diskutieren, weil er selber Schwierigkeiten hat, sachlich zu bleiben.;Der Peter respektierte die Katharina für die sachliche Art zu diskutieren, weil 
2280;Liste2;38;23;m;deutsch;nein;links;60;3;<id: item 60, condition 3>;Der Manuel verwirrte die Paula während der dreiviertelstündigen Mittagspause durch und durch, weil ;immerzu Bananen isst. ;ns;;;;14056008324867.0;;;;;Der Manuel verwirrte die Paula während der dreiviertelstündigen Mittagspause durch und durch, weil immerzu Bananen isst. ;Der Manuel verwirrte die Paula während der dreiviertelstündigen Mittagspause durch und durch, weil 
705;Liste1;12;20;f;deutsch;Englisch;rechts;45;1;<id: item 45, condition 1>;Der Pascal erschütterte die Annika durch einen Selbstmordversuch mit einem Mix aus Tabletten, weil ;sie das von ihm nie gedacht hätte.;2;objekt;pers;;14055966319507.0;2;objekt;pers;;Der Pascal erschütterte die Annika durch einen Selbstmordversuch mit einem Mix aus Tabletten, weil sie das von ihm nie gedacht hätte.;Der Pascal erschütterte die Annika durch einen Selbstmordversuch mit einem Mix aus Tabletten, weil 
1189;Liste4;20;29;f;deutsch;nein;rechts;49;4;<id: item 49, condition 4>;Die Nina erfreute den Armin beim gemeinsamen Training in höchstem Maße, weil ;ihr Top immer ziemlich eng geschnitten war.;0-poss;subjekt;poss;;14056042566258.0;;;;;Die Nina erfreute den Armin beim gemeinsamen Training in höchstem Maße, weil ihr Top immer ziemlich eng geschnitten war.;Die Nina erfreute den Armin beim gemeinsamen Training in höchstem Maße, weil 
405;Liste4;7;22;m;deutsch;nein;rechts;45;4;<id: item 45, condition 4>;Die Annika erschütterte den Pascal vor wenigen Tagen in außerordentlich starkem Maße, weil ;sie einen Mann aus dem Norden kennengelernt hatte.;1;subjekt;pers;;14055949348007.0;;;;;Die Annika erschütterte den Pascal vor wenigen Tagen in außerordentlich starkem Maße, weil sie einen Mann aus dem Norden kennengelernt hatte.;Die Annika erschütterte den Pascal vor wenigen Tagen in außerordentlich starkem Maße, weil 
1187;Liste4;20;29;f;deutsch;nein;rechts;47;2;<id: item 47, condition 2>;Die Lea enttäuschte den Christoph durch fremdenfeindliche Witze und Parolen, weil ;Christoph immer dachte, Lea sei eine kluge Frau.;1;objekt;name;;1405605232713.0;;;;;Die Lea enttäuschte den Christoph durch fremdenfeindliche Witze und Parolen, weil Christoph immer dachte, Lea sei eine kluge Frau.;Die Lea enttäuschte den Christoph durch fremdenfeindliche Witze und Parolen, weil 
649;Liste1;11;25;m;deutsch;nein;rechts;49;1;<id: item 49, condition 1>;Der Armin erfreute die Nina durch ein Kompliment über die sportliche Figur, weil ;sie vorher dick war und lange und hart dafür trainiert hat, diese Figur zu bekommen.;1;objekt;pers;;14055081111316.0;;;;;Der Armin erfreute die Nina durch ein Kompliment über die sportliche Figur, weil sie vorher dick war und lange und hart dafür trainiert hat, diese Figur zu bekommen.;Der Armin erfreute die Nina durch ein Kompliment über die sportliche Figur, weil 
787;Liste3;14;24;m;deutsch;nein;rechts;7;1;<id: item 7, condition 1>;Der Jan fürchtete die Franziska wegen der fiesen Kommentare über die Pickel im Gesicht, weil ;sie sein Selbstvertrauen im Kern erschütterten.;0-poss;subjekt;poss;;1405597283082.0;;;;;Der Jan fürchtete die Franziska wegen der fiesen Kommentare über die Pickel im Gesicht, weil sie sein Selbstvertrauen im Kern erschütterten.;Der Jan fürchtete die Franziska wegen der fiesen Kommentare über die Pickel im Gesicht, weil 
770;Liste4;13;19;f;deutsch;nein;rechts;50;3;<id: item 50, condition 3>;Der Yannik erschreckte die Annalena vor wenigen Minuten äußerst heftig, weil ;er aus heiterem Himmel anfing wie am Spieß zu brüllen.;1;subjekt;pers;;14055084818456.0;;;;;Der Yannik erschreckte die Annalena vor wenigen Minuten äußerst heftig, weil er aus heiterem Himmel anfing wie am Spieß zu brüllen.;Der Yannik erschreckte die Annalena vor wenigen Minuten äußerst heftig, weil 
2081;Liste1;35;24;m;deutsch;nein;rechts;41;1;<id: item 41, condition 1>;Der Fabian amüsierte die Amelia durch das Erzählen von Witzen über Kollegen, weil ;dieser sehr sonderbar aussieht und nicht zu den anderen passt;ns;  ; ;;14056014499463.0;;;;;Der Fabian amüsierte die Amelia durch das Erzählen von Witzen über Kollegen, weil dieser sehr sonderbar aussieht und nicht zu den anderen passt;Der Fabian amüsierte die Amelia durch das Erzählen von Witzen über Kollegen, weil 
287;Liste2;5;31;m;deutsch;nein;rechts;47;4;<id: item 47, condition 4>;Die Lea enttäuschte den Christoph bei dieser Begegnung auf das Allerheftigste, weil ;sie sein Kind dumm nannte.;1;subjekt;pers;;14056048620322.0;1;subjekt;pers;;Die Lea enttäuschte den Christoph bei dieser Begegnung auf das Allerheftigste, weil sie sein Kind dumm nannte.;Die Lea enttäuschte den Christoph bei dieser Begegnung auf das Allerheftigste, weil 
1426;Liste1;24;19;m;deutsch;nein;rechts;46;4;<id: item 46, condition 4>;Die Marlene bezauberte den Timo auf fast schon magische Art und Weise, weil ;sie gemeinsam mit ihm nackt badete.;2;subjekt;pers;;14055965459549.0;;;;;Die Marlene bezauberte den Timo auf fast schon magische Art und Weise, weil sie gemeinsam mit ihm nackt badete.;Die Marlene bezauberte den Timo auf fast schon magische Art und Weise, weil 
1457;Liste1;25;37;f;deutsch;nein;rechts;17;1;<id: item 17, condition 1>;Der Stephan verehrte die Nadine für die Entwürfe der neuen Kollektion, weil ;er noch nie so schöne Kleider gesehen hatte.;1;subjekt;pers;;14055103706665.0;;;;;Der Stephan verehrte die Nadine für die Entwürfe der neuen Kollektion, weil er noch nie so schöne Kleider gesehen hatte.;Der Stephan verehrte die Nadine für die Entwürfe der neuen Kollektion, weil 
111;Liste3;2;20;f;deutsch;nein;rechts;51;1;<id: item 51, condition 1>;Der Benedikt erstaunte die Heidi durch ein Jonglierkunststück mit sieben Bällen, weil ;sie fand dass es sehr schwierig aussah. ;1;objekt;pers;;1405606086.07;1;objekt;pers;;Der Benedikt erstaunte die Heidi durch ein Jonglierkunststück mit sieben Bällen, weil sie fand dass es sehr schwierig aussah. ;Der Benedikt erstaunte die Heidi durch ein Jonglierkunststück mit sieben Bällen, weil 
798;Liste3;14;24;m;deutsch;nein;rechts;18;2;<id: item 18, condition 2>;Die Maja vergötterte den Dennis für die unglaubliche Stimme, weil ;sie selbst stumm ist.;1;subjekt;pers;;14055983671446.0;;;;;Die Maja vergötterte den Dennis für die unglaubliche Stimme, weil sie selbst stumm ist.;Die Maja vergötterte den Dennis für die unglaubliche Stimme, weil 
772;Liste4;13;19;f;deutsch;nein;rechts;52;1;<id: item 52, condition 1>;Der Benjamin faszinierte die Judith durch einen schwungvollen Tanzstil voller Ausgelassenheit, weil ;sie ihm so etwas gar nicht zugetraut hatte.;2;objekt;pers;;14055086636561.0;;;;;Der Benjamin faszinierte die Judith durch einen schwungvollen Tanzstil voller Ausgelassenheit, weil sie ihm so etwas gar nicht zugetraut hatte.;Der Benjamin faszinierte die Judith durch einen schwungvollen Tanzstil voller Ausgelassenheit, weil 
178;Liste1;3;35;m;deutsch;nein;rechts;58;4;<id: item 58, condition 4>;Die Helene überraschte den Ramon vorgestern Nachmittag in allerhöchstem Maße, weil ;sie den arbeitsablauf mit wenigen handgriffen stark optimiert hat;1;subjekt;pers;;14061192930925.0;1;subjekt;pers;;Die Helene überraschte den Ramon vorgestern Nachmittag in allerhöchstem Maße, weil sie den arbeitsablauf mit wenigen handgriffen stark optimiert hat;Die Helene überraschte den Ramon vorgestern Nachmittag in allerhöchstem Maße, weil 
1907;Liste1;32;24;f;deutsch;nein;rechts;47;3;<id: item 47, condition 3>;Der Christoph enttäuschte die Lea bei dieser Begegnung auf das Allerheftigste, weil ;er sein Kind geschlagen hatte.;1;subjekt;pers;;14055943207427.0;;;;;Der Christoph enttäuschte die Lea bei dieser Begegnung auf das Allerheftigste, weil er sein Kind geschlagen hatte.;Der Christoph enttäuschte die Lea bei dieser Begegnung auf das Allerheftigste, weil 
846;Liste2;15;24;f;deutsch;nein;rechts;6;1;<id: item 6, condition 1>;Der Michael ekelte sich vor der Ellen wegen der mangelnden Hygiene vor den OPs, weil ;sie sich nicht einmal die Hände davor wäscht.;1;objekt;pers;;14056012063754.0;;;;;Der Michael ekelte sich vor der Ellen wegen der mangelnden Hygiene vor den OPs, weil sie sich nicht einmal die Hände davor wäscht.;Der Michael ekelte sich vor der Ellen wegen der mangelnden Hygiene vor den OPs, weil 
909;Liste3;16;21;f;deutsch;nein;rechts;9;3;<id: item 9, condition 3>;Der Marcel liebte die Anja aus der gesamten Verwandtschaft am Allermeisten, weil ;sie für ihn immer die schönsten Lieder sang.;2;objekt;pers;;1405507644.91;;;;;Der Marcel liebte die Anja aus der gesamten Verwandtschaft am Allermeisten, weil sie für ihn immer die schönsten Lieder sang.;Der Marcel liebte die Anja aus der gesamten Verwandtschaft am Allermeisten, weil 
107;Liste3;2;20;f;deutsch;nein;rechts;47;1;<id: item 47, condition 1>;Der Christoph enttäuschte die Lea durch fremdenfeindliche Witze und Parolen, weil ;sie ihn für freundlich gehalten hatte aber sie Fremdenhass für bescheuert hält. ;2;objekt;pers;;14056055889591.0;2;objekt;pers;;Der Christoph enttäuschte die Lea durch fremdenfeindliche Witze und Parolen, weil sie ihn für freundlich gehalten hatte aber sie Fremdenhass für bescheuert hält. ;Der Christoph enttäuschte die Lea durch fremdenfeindliche Witze und Parolen, weil 
762;Liste4;13;19;f;deutsch;nein;rechts;42;3;<id: item 42, condition 3>;Der Leon ängstigte die Anne in hohem Grade seit Beginn der Sommerferien, weil ;er sich stark verändert hatte und so aussah, als habe er Probleme, über die er allerdings nicht sprach.;1;subjekt;pers;;14055079587705.0;;;;;Der Leon ängstigte die Anne in hohem Grade seit Beginn der Sommerferien, weil er sich stark verändert hatte und so aussah, als habe er Probleme, über die er allerdings nicht sprach.;Der Leon ängstigte die Anne in hohem Grade seit Beginn der Sommerferien, weil 
731;Liste4;13;19;f;deutsch;nein;rechts;11;2;<id: item 11, condition 2>;Die Eva mochte den Mark für den toleranten Umgang mit Fremden, weil ;das negative Gegenbeispiel anderer Konferenzteilnehmer sie geradezu abgestoßen hatte.;1;subjekt;pers;;14055080848741.0;1;subjekt;pers;;Die Eva mochte den Mark für den toleranten Umgang mit Fremden, weil das negative Gegenbeispiel anderer Konferenzteilnehmer sie geradezu abgestoßen hatte.;Die Eva mochte den Mark für den toleranten Umgang mit Fremden, weil 
1381;Liste1;24;19;m;deutsch;nein;rechts;1;1;<id: item 1, condition 1>;Der Bastian achtete die Elena für das Engagement im Umweltschutz, weil ;unausfüllbar;nf;;;;14055980171756.0;nf;;;;Der Bastian achtete die Elena für das Engagement im Umweltschutz, weil unausfüllbar;Der Bastian achtete die Elena für das Engagement im Umweltschutz, weil 
401;Liste4;7;22;m;deutsch;nein;rechts;41;4;<id: item 41, condition 4>;Die Amelia amüsierte den Fabian von den Institutsangehörigen am Meisten, weil ;sie so wunderbar rechnen kann.;1;subjekt;pers;;1405594399798.0;;;;;Die Amelia amüsierte den Fabian von den Institutsangehörigen am Meisten, weil sie so wunderbar rechnen kann.;Die Amelia amüsierte den Fabian von den Institutsangehörigen am Meisten, weil 
1156;Liste4;20;29;f;deutsch;nein;rechts;16;1;<id: item 16, condition 1>;Der Daniel verachtete die Jacqueline für die Respektlosigkeit gegenüber den Mitgliedern, weil ;er es nicht mag, wenn man hintenrum über Leute lästert.;1;subjekt;pers;;1405604802081.0;;;;;Der Daniel verachtete die Jacqueline für die Respektlosigkeit gegenüber den Mitgliedern, weil er es nicht mag, wenn man hintenrum über Leute lästert.;Der Daniel verachtete die Jacqueline für die Respektlosigkeit gegenüber den Mitgliedern, weil 
171;Liste1;3;35;m;deutsch;nein;rechts;51;3;<id: item 51, condition 3>;Der Benedikt erstaunte die Heidi in allergrößtem Ausmaß gestern bei der Show, weil ;er einen im geheimen geübten trick vorführte;1;subjekt;pers;;14061193155845.0;;;;;Der Benedikt erstaunte die Heidi in allergrößtem Ausmaß gestern bei der Show, weil er einen im geheimen geübten trick vorführte;Der Benedikt erstaunte die Heidi in allergrößtem Ausmaß gestern bei der Show, weil 
824;Liste3;14;24;m;deutsch;nein;rechts;44;4;<id: item 44, condition 4>;Die Leonie begeisterte den Nikolas neulich bei einem Grillfest in der Nachbarschaft, weil ;sie wunderbare eingelegte Zucchini mitgebracht hatte.;1;subjekt;pers;;14055975790815.0;;;;;Die Leonie begeisterte den Nikolas neulich bei einem Grillfest in der Nachbarschaft, weil sie wunderbare eingelegte Zucchini mitgebracht hatte.;Die Leonie begeisterte den Nikolas neulich bei einem Grillfest in der Nachbarschaft, weil 
1503;Liste3;26;26;f;deutsch;nein;rechts;3;1;<id: item 3, condition 1>;Der Patrick bemitleidete die Sonja wegen der starken Grippe mit hohem Fieber, weil ;er weiß, wie schade es ist nicht an einemn Ausflug teilnehmen zu können.;1;subjekt;pers;;14055101222894.0;1;subjekt;pers;;Der Patrick bemitleidete die Sonja wegen der starken Grippe mit hohem Fieber, weil er weiß, wie schade es ist nicht an einemn Ausflug teilnehmen zu können.;Der Patrick bemitleidete die Sonja wegen der starken Grippe mit hohem Fieber, weil 
1320;Liste3;22;20;f;deutsch;nein;rechts;60;4;<id: item 60, condition 4>;Die Paula verwirrte den Manuel während der dreiviertelstündigen Mittagspause durch und durch, weil ;er sie anders eingeschätzt hatte.;2;objekt;pers;;14055084287398.0;;;;;Die Paula verwirrte den Manuel während der dreiviertelstündigen Mittagspause durch und durch, weil er sie anders eingeschätzt hatte.;Die Paula verwirrte den Manuel während der dreiviertelstündigen Mittagspause durch und durch, weil 
367;Liste4;7;22;m;deutsch;nein;rechts;7;2;<id: item 7, condition 2>;Die Franziska fürchtete den Jan wegen der fiesen Kommentare über die Pickel im Gesicht, weil ;sie in derHinsichtsehr empfindlich ist.;1;subjekt;pers;;14055939271618.0;;;;;Die Franziska fürchtete den Jan wegen der fiesen Kommentare über die Pickel im Gesicht, weil sie in derHinsichtsehr empfindlich ist.;Die Franziska fürchtete den Jan wegen der fiesen Kommentare über die Pickel im Gesicht, weil 
788;Liste3;14;24;m;deutsch;nein;rechts;8;4;<id: item 8, condition 4>;Die Jasmin hasste den Christian seit mehreren Wochen aus tiefstem Herzen, weil ;er einen Ãœberschlag machen konnte.;1;objekt;pers;;14055976091923.0;;;;;Die Jasmin hasste den Christian seit mehreren Wochen aus tiefstem Herzen, weil er einen Ãœberschlag machen konnte.;Die Jasmin hasste den Christian seit mehreren Wochen aus tiefstem Herzen, weil 
786;Liste3;14;24;m;deutsch;nein;rechts;6;2;<id: item 6, condition 2>;Die Ellen ekelte sich vor dem Michael wegen der mangelnden Hygiene vor den OPs, weil ;er sich nach dem Pissen nie die Hände wusch.;1;objekt;pers;;14055978406886.0;1;objekt;pers;;Die Ellen ekelte sich vor dem Michael wegen der mangelnden Hygiene vor den OPs, weil er sich nach dem Pissen nie die Hände wusch.;Die Ellen ekelte sich vor dem Michael wegen der mangelnden Hygiene vor den OPs, weil 
486;Liste1;9;22;m;deutsch;nein;rechts;6;4;<id: item 6, condition 4>;Die Ellen ekelte sich vor dem Michael schon seit geraumer Zeit bis aufs Äußerste, weil ;er sich nie die Hände desinfizierte;1;objekt;pers;;14056037618949.0;;;;;Die Ellen ekelte sich vor dem Michael schon seit geraumer Zeit bis aufs Äußerste, weil er sich nie die Hände desinfizierte;Die Ellen ekelte sich vor dem Michael schon seit geraumer Zeit bis aufs Äußerste, weil 
484;Liste1;9;22;m;deutsch;nein;rechts;4;2;<id: item 4, condition 2>;Die Saskia beneidete den Martin um die guten Kontakte zum Management, weil ;sie selbst keine hatte;1;subjekt;pers;;14056045498815.0;;;;;Die Saskia beneidete den Martin um die guten Kontakte zum Management, weil sie selbst keine hatte;Die Saskia beneidete den Martin um die guten Kontakte zum Management, weil 
970;Liste2;17;22;f;deutsch;nein;rechts;10;1;<id: item 10, condition 1>;Der Steffen misstraute der Jessica wegen der Spendenaffäre im Herbst, weil ;sie Geld unterschlagen hatte.;1;objekt;pers;;14055077019101.0;;;;;Der Steffen misstraute der Jessica wegen der Spendenaffäre im Herbst, weil sie Geld unterschlagen hatte.;Der Steffen misstraute der Jessica wegen der Spendenaffäre im Herbst, weil 
57;Liste4;1;24;m;deutsch;nein;rechts;57;4;<id: item 57, condition 4>;Die Kathrin störte den Max über alle Maßen während der Höhlenerkundung, weil ;sie ständig redete und alles besser wusste.;1;subjekt;pers;;14055977510539.0;;;;;Die Kathrin störte den Max über alle Maßen während der Höhlenerkundung, weil sie ständig redete und alles besser wusste.;Die Kathrin störte den Max über alle Maßen während der Höhlenerkundung, weil 
550;Liste3;10;28;f;deutsch;nein;rechts;10;2;<id: item 10, condition 2>;Die Jessica misstraute dem Steffen wegen der Spendenaffäre im Herbst, weil ;sie der Meinung ist, dass er hinter allem steckt.;1;subjekt;pers;;14055945902603.0;;;;;Die Jessica misstraute dem Steffen wegen der Spendenaffäre im Herbst, weil sie der Meinung ist, dass er hinter allem steckt.;Die Jessica misstraute dem Steffen wegen der Spendenaffäre im Herbst, weil 
2023;Liste4;34;25;m;deutsch;nein;rechts;43;2;<id: item 43, condition 2>;Die Julia beeindruckte den Andreas mit Kopfrechenkünsten beim Wurzelziehen, weil ;er für alles den Taschenrechner nimmt.;1;objekt;pers;;14055967419514.0;;;;;Die Julia beeindruckte den Andreas mit Kopfrechenkünsten beim Wurzelziehen, weil er für alles den Taschenrechner nimmt.;Die Julia beeindruckte den Andreas mit Kopfrechenkünsten beim Wurzelziehen, weil 
1985;Liste4;34;25;m;deutsch;nein;rechts;5;4;<id: item 5, condition 4>;Die Emma bewunderte den Phillip seit längerer Zeit über alle Maßen, weil ;er alle Namen der Pflanzen kennt.;1;objekt;pers;;14055959650852.0;;;;;Die Emma bewunderte den Phillip seit längerer Zeit über alle Maßen, weil er alle Namen der Pflanzen kennt.;Die Emma bewunderte den Phillip seit längerer Zeit über alle Maßen, weil 
1640;Liste1;28;22;f;deutsch;nein;rechts;20;2;<id: item 20, condition 2>;Die Verena vertraute dem Tobias wegen der stoischen Ruhe bei Not-OPs, weil ;er sichere Schnitte setzt;1;objekt;pers;;14055953450112.0;1;objekt;pers;;Die Verena vertraute dem Tobias wegen der stoischen Ruhe bei Not-OPs, weil er sichere Schnitte setzt;Die Verena vertraute dem Tobias wegen der stoischen Ruhe bei Not-OPs, weil 
1601;Liste3;27;20;f;deutsch;Bosnisch;rechts;41;3;<id: item 41, condition 3>;Der Fabian amüsierte die Amelia von den Institutsangehörigen am Meisten, weil ;er dumme Witze riss.;1;subjekt;pers;;14055960949133.0;;;;;Der Fabian amüsierte die Amelia von den Institutsangehörigen am Meisten, weil er dumme Witze riss.;Der Fabian amüsierte die Amelia von den Institutsangehörigen am Meisten, weil 
1742;Liste2;30;24;f;deutsch;nein;rechts;2;1;<id: item 2, condition 1>;Der Sebastian bedauerte die Laura für die schlechte Note in Mathematik, weil ;er seine gute Note eigentlich erschwindelt hat.;1;subjekt;pers;;14055963044859.0;;;;;Der Sebastian bedauerte die Laura für die schlechte Note in Mathematik, weil er seine gute Note eigentlich erschwindelt hat.;Der Sebastian bedauerte die Laura für die schlechte Note in Mathematik, weil 
283;Liste2;5;31;m;deutsch;nein;rechts;43;4;<id: item 43, condition 4>;Die Julia beeindruckte den Andreas wieder und wieder über alle Maßen, weil ;sie gut kopfrechnen kann.;1;subjekt;pers;;14056045015324.0;;;;;Die Julia beeindruckte den Andreas wieder und wieder über alle Maßen, weil sie gut kopfrechnen kann.;Die Julia beeindruckte den Andreas wieder und wieder über alle Maßen, weil 
102;Liste3;2;20;f;deutsch;nein;rechts;42;2;<id: item 42, condition 2>;Die Anne ängstigte den Leon durch aggressives Verhalten gegenüber den Teilnehmern, weil ;er sich Sorgen machte sie könnte handgreiflich werden, was dem Camp ärger einbringen könnte. ;1;objekt;pers;;14056051183175.0;1;objekt;pers;;Die Anne ängstigte den Leon durch aggressives Verhalten gegenüber den Teilnehmern, weil er sich Sorgen machte sie könnte handgreiflich werden, was dem Camp ärger einbringen könnte. ;Die Anne ängstigte den Leon durch aggressives Verhalten gegenüber den Teilnehmern, weil 
2266;Liste2;38;23;m;deutsch;nein;links;46;1;<id: item 46, condition 1>;Der Timo bezauberte die Marlene durch das schöne Harfenspiel im Schulorchester, weil ;er sie gerne hat.;2;subjekt;pers;;14056006421808.0;;;;;Der Timo bezauberte die Marlene durch das schöne Harfenspiel im Schulorchester, weil er sie gerne hat.;Der Timo bezauberte die Marlene durch das schöne Harfenspiel im Schulorchester, weil 
678;Liste1;12;20;f;deutsch;Englisch;rechts;18;4;<id: item 18, condition 4>;Die Maja vergötterte den Dennis mehr als jede andere Person, weil ;er so schön Singen konnte.;1;objekt;pers;;14055975285337.0;1;objekt;pers;;Die Maja vergötterte den Dennis mehr als jede andere Person, weil er so schön Singen konnte.;Die Maja vergötterte den Dennis mehr als jede andere Person, weil 
885;Liste2;15;24;f;deutsch;nein;rechts;45;2;<id: item 45, condition 2>;Die Annika erschütterte den Pascal durch einen Selbstmordversuch mit einem Mix aus Tabletten, weil ;ihr Freund sie verlassen hat.;1;subjekt;poss;;14056009678142.0;;;;;Die Annika erschütterte den Pascal durch einen Selbstmordversuch mit einem Mix aus Tabletten, weil ihr Freund sie verlassen hat.;Die Annika erschütterte den Pascal durch einen Selbstmordversuch mit einem Mix aus Tabletten, weil 
73;Liste3;2;20;f;deutsch;nein;rechts;13;3;<id: item 13, condition 3>;Der Julian schätzte die Carina in außerordentlich hohem Maße, weil ;sie sehr kompetent war. ;1;objekt;pers;;14056042917386.0;;;;;Der Julian schätzte die Carina in außerordentlich hohem Maße, weil sie sehr kompetent war. ;Der Julian schätzte die Carina in außerordentlich hohem Maße, weil 
2158;Liste3;36;21;m;deutsch (im Kindergarten);Türkisch;rechts;58;2;<id: item 58, condition 2>;Die Helene überraschte den Ramon mit einem ausgefallenen Geschenk zum Geburtstag, weil ;er ihr ein neues Auto schenkte.;2;objekt;pers;;14056033127306.0;;;;;Die Helene überraschte den Ramon mit einem ausgefallenen Geschenk zum Geburtstag, weil er ihr ein neues Auto schenkte.;Die Helene überraschte den Ramon mit einem ausgefallenen Geschenk zum Geburtstag, weil 
653;Liste1;11;25;m;deutsch;nein;rechts;53;1;<id: item 53, condition 1>;Der Thomas inspirierte die Rosa durch eine Vortragsreihe mit bahnbrechenden Erkenntnissen, weil ;er ihr eine Freude machen wollte.;ns;;;;14055082738443.0;;;;;Der Thomas inspirierte die Rosa durch eine Vortragsreihe mit bahnbrechenden Erkenntnissen, weil er ihr eine Freude machen wollte.;Der Thomas inspirierte die Rosa durch eine Vortragsreihe mit bahnbrechenden Erkenntnissen, weil 
1579;Liste3;27;20;f;deutsch;Bosnisch;rechts;19;1;<id: item 19, condition 1>;Der David vermisste die Luise für die netten Gespräche an lauen Sommerabenden, weil ;er nun alleine in einer Wohnung lebte und sich einsam fühlte. ;1;subjekt;pers;;14055962860253.0;;;;;Der David vermisste die Luise für die netten Gespräche an lauen Sommerabenden, weil er nun alleine in einer Wohnung lebte und sich einsam fühlte. ;Der David vermisste die Luise für die netten Gespräche an lauen Sommerabenden, weil 
1915;Liste1;32;24;f;deutsch;nein;rechts;55;3;<id: item 55, condition 3>;Der Oliver langweilte die Sabrina über jedes erträgliche Maß hinaus, weil ;er immer nur Kalauer erzählte.;1;subjekt;pers;;14055935703638.0;1;subjekt;pers;;Der Oliver langweilte die Sabrina über jedes erträgliche Maß hinaus, weil er immer nur Kalauer erzählte.;Der Oliver langweilte die Sabrina über jedes erträgliche Maß hinaus, weil 
703;Liste1;12;20;f;deutsch;Englisch;rechts;43;3;<id: item 43, condition 3>;Der Andreas beeindruckte die Julia wieder und wieder über alle Maßen, weil ;er sehr kompetent ist.;1;subjekt;pers;;1405597697191.0;;;;;Der Andreas beeindruckte die Julia wieder und wieder über alle Maßen, weil er sehr kompetent ist.;Der Andreas beeindruckte die Julia wieder und wieder über alle Maßen, weil 
644;Liste1;11;25;m;deutsch;nein;rechts;44;2;<id: item 44, condition 2>;Die Leonie begeisterte den Nikolas mit dem  besonders schönen Gesang beim Karaoke, weil ;alle anderen so schlecht gesungen haben.;0;;;;14055065330109.0;;;;;Die Leonie begeisterte den Nikolas mit dem  besonders schönen Gesang beim Karaoke, weil alle anderen so schlecht gesungen haben.;Die Leonie begeisterte den Nikolas mit dem  besonders schönen Gesang beim Karaoke, weil 
183;Liste4;4;24;m;deutsch;nein;rechts;3;2;<id: item 3, condition 2>;Die Sonja bemitleidete den Patrick wegen der starken Grippe mit hohem Fieber, weil ;er 200â‚¬ für einen Skipass zum Fenster raus warf. ;1;objekt;pers;;14061200279124.0;;;;;Die Sonja bemitleidete den Patrick wegen der starken Grippe mit hohem Fieber, weil er 200â‚¬ für einen Skipass zum Fenster raus warf. ;Die Sonja bemitleidete den Patrick wegen der starken Grippe mit hohem Fieber, weil 
1091;Liste2;19;24;f;deutsch;ja;rechts;11;4;<id: item 11, condition 4>;Die Eva mochte den Mark vom ersten Augenblick der Konferenz an, weil ;sie beide den gleichen Humor teilten.;pl;;;;14055972895261.0;pl;;;;Die Eva mochte den Mark vom ersten Augenblick der Konferenz an, weil sie beide den gleichen Humor teilten.;Die Eva mochte den Mark vom ersten Augenblick der Konferenz an, weil 
1448;Liste1;25;37;f;deutsch;nein;rechts;8;2;<id: item 8, condition 2>;Die Jasmin hasste den Christian für die extrem fiesen Sprüche über die Brille, weil ;sie selbst ihre Brille nicht leiden konnte.;1;subjekt;pers;;1405509797.32;;;;;Die Jasmin hasste den Christian für die extrem fiesen Sprüche über die Brille, weil sie selbst ihre Brille nicht leiden konnte.;Die Jasmin hasste den Christian für die extrem fiesen Sprüche über die Brille, weil 
19;Liste4;1;24;m;deutsch;nein;rechts;19;2;<id: item 19, condition 2>;Die Luise vermisste den David für die netten Gespräche an lauen Sommerabenden, weil ;sie sich bei ihm immer geborgen und zuhause fühlte.;2;subjekt;pers;;14055986377901.0;2;subjekt;pers;;Die Luise vermisste den David für die netten Gespräche an lauen Sommerabenden, weil sie sich bei ihm immer geborgen und zuhause fühlte.;Die Luise vermisste den David für die netten Gespräche an lauen Sommerabenden, weil 
411;Liste4;7;22;m;deutsch;nein;rechts;51;2;<id: item 51, condition 2>;Die Heidi erstaunte den Benedikt durch ein Jonglierkunststück mit sieben Bällen, weil ;er nicht dachte, das so etwas möglich wäre.;1;objekt;pers;;14055942449417.0;;;;;Die Heidi erstaunte den Benedikt durch ein Jonglierkunststück mit sieben Bällen, weil er nicht dachte, das so etwas möglich wäre.;Die Heidi erstaunte den Benedikt durch ein Jonglierkunststück mit sieben Bällen, weil 
1632;Liste1;28;22;f;deutsch;nein;rechts;12;2;<id: item 12, condition 2>;Die Katharina respektierte den Peter für die sachliche Art zu diskutieren, weil ;das an der VHS eine Seltenheit ist;0;;;;14055954940285.0;0;;;;Die Katharina respektierte den Peter für die sachliche Art zu diskutieren, weil das an der VHS eine Seltenheit ist;Die Katharina respektierte den Peter für die sachliche Art zu diskutieren, weil 
585;Liste3;10;28;f;deutsch;nein;rechts;45;3;<id: item 45, condition 3>;Der Pascal erschütterte die Annika vor wenigen Tagen in außerordentlich starkem Maße, weil ;er ihr plötzlich seine langjährige Liebe gestand.;2;subjekt;pers;;14055945584204.0;;;;;Der Pascal erschütterte die Annika vor wenigen Tagen in außerordentlich starkem Maße, weil er ihr plötzlich seine langjährige Liebe gestand.;Der Pascal erschütterte die Annika vor wenigen Tagen in außerordentlich starkem Maße, weil 
2099;Liste1;35;24;m;deutsch;nein;rechts;59;3;<id: item 59, condition 3>;Der Kevin verblüffte die Jennifer in der vorletzten Woche aufs Allerheftigste, weil ;er plötzlich mit einem anderen Kollegen Aufträge bearbeitete;1;subjekt;pers;;1405602353161.0;;;;;Der Kevin verblüffte die Jennifer in der vorletzten Woche aufs Allerheftigste, weil er plötzlich mit einem anderen Kollegen Aufträge bearbeitete;Der Kevin verblüffte die Jennifer in der vorletzten Woche aufs Allerheftigste, weil 
1153;Liste4;20;29;f;deutsch;nein;rechts;13;4;<id: item 13, condition 4>;Die Carina schätzte den Julian in außerordentlich hohem Maße, weil ;er anders als die andern Kollegen nie irgendwelche sexistischen Sprüche loslässt.;1;objekt;pers;;14056049843373.0;;;;;Die Carina schätzte den Julian in außerordentlich hohem Maße, weil er anders als die andern Kollegen nie irgendwelche sexistischen Sprüche loslässt.;Die Carina schätzte den Julian in außerordentlich hohem Maße, weil 
2092;Liste1;35;24;m;deutsch;nein;rechts;52;2;<id: item 52, condition 2>;Die Judith faszinierte den Benjamin durch einen schwungvollen Tanzstil voller Ausgelassenheit, weil ;er das nicht von ihr erwartet hatte;2;objekt;pers;;14056023089363.0;;;;;Die Judith faszinierte den Benjamin durch einen schwungvollen Tanzstil voller Ausgelassenheit, weil er das nicht von ihr erwartet hatte;Die Judith faszinierte den Benjamin durch einen schwungvollen Tanzstil voller Ausgelassenheit, weil 
859;Liste2;15;24;f;deutsch;nein;rechts;19;4;<id: item 19, condition 4>;Die Luise vermisste den David besonders oft an den lauen Sommerabenden, weil ;sie an diesem Abenden immer miteinander auf der Terasse geknuscht hatten.;pl;;;;14056007971498.0;;;;;Die Luise vermisste den David besonders oft an den lauen Sommerabenden, weil sie an diesem Abenden immer miteinander auf der Terasse geknuscht hatten.;Die Luise vermisste den David besonders oft an den lauen Sommerabenden, weil 
1603;Liste3;27;20;f;deutsch;Bosnisch;rechts;43;1;<id: item 43, condition 1>;Der Andreas beeindruckte die Julia mit Kopfrechenkünsten beim Wurzelziehen, weil ;sie schon immer schlecht in Mathe war. ;1;objekt;pers;;14055959325204.0;;;;;Der Andreas beeindruckte die Julia mit Kopfrechenkünsten beim Wurzelziehen, weil sie schon immer schlecht in Mathe war. ;Der Andreas beeindruckte die Julia mit Kopfrechenkünsten beim Wurzelziehen, weil 
180;Liste1;3;35;m;deutsch;nein;rechts;60;2;<id: item 60, condition 2>;Die Paula verwirrte den Manuel durch eine unverständliche Erklärung über Computer Betriebssysteme, weil ;sie das technische versdtändnis einer 3jährigen hat;1;subjekt;pers;;14061193949297.0;;;;;Die Paula verwirrte den Manuel durch eine unverständliche Erklärung über Computer Betriebssysteme, weil sie das technische versdtändnis einer 3jährigen hat;Die Paula verwirrte den Manuel durch eine unverständliche Erklärung über Computer Betriebssysteme, weil 
378;Liste4;7;22;m;deutsch;nein;rechts;18;3;<id: item 18, condition 3>;Der Dennis vergötterte die Maja mehr als jede andere Person, weil ;sie so eine wundervolle Stimme hat.;1;objekt;pers;;14055941303448.0;;;;;Der Dennis vergötterte die Maja mehr als jede andere Person, weil sie so eine wundervolle Stimme hat.;Der Dennis vergötterte die Maja mehr als jede andere Person, weil 
1135;Liste2;19;24;f;deutsch;ja;rechts;55;4;<id: item 55, condition 4>;Die Sabrina langweilte den Oliver über jedes erträgliche Maß hinaus, weil ;sie ständig nur Geschichten aus ihrem langweiligen Job erzählte.;1;subjekt;pers;;14055978666215.0;;;;;Die Sabrina langweilte den Oliver über jedes erträgliche Maß hinaus, weil sie ständig nur Geschichten aus ihrem langweiligen Job erzählte.;Die Sabrina langweilte den Oliver über jedes erträgliche Maß hinaus, weil 
181;Liste4;4;24;m;deutsch;nein;rechts;1;4;<id: item 1, condition 4>;Die Elena achtete den Bastian mehr als jeden anderen WG-Mitbewohner, weil ;er jede Woche die Küche putzte.;1;objekt;pers;;14061201314149.0;1;objekt;pers;;Die Elena achtete den Bastian mehr als jeden anderen WG-Mitbewohner, weil er jede Woche die Küche putzte.;Die Elena achtete den Bastian mehr als jeden anderen WG-Mitbewohner, weil 
2040;Liste4;34;25;m;deutsch;nein;rechts;60;1;<id: item 60, condition 1>;Der Manuel verwirrte die Paula durch eine unverständliche Erklärung über Computer Betriebssysteme, weil ;sie doch eigentlich viel darüber wusste.;1;objekt;pers;;14055960603686.0;1;objekt;pers;nicht sinnvoll?;Der Manuel verwirrte die Paula durch eine unverständliche Erklärung über Computer Betriebssysteme, weil sie doch eigentlich viel darüber wusste.;Der Manuel verwirrte die Paula durch eine unverständliche Erklärung über Computer Betriebssysteme, weil 
1372;Liste2;23;22;m;deutsch;nein;rechts;52;3;<id: item 52, condition 3>;Der Benjamin faszinierte die Judith seit dem Betriebsfest auf eine besondere Art und Weise, weil ;er über eine Weltreise erzählte.;1;subjekt;pers;;14055974114483.0;1;subjekt;pers;;Der Benjamin faszinierte die Judith seit dem Betriebsfest auf eine besondere Art und Weise, weil er über eine Weltreise erzählte.;Der Benjamin faszinierte die Judith seit dem Betriebsfest auf eine besondere Art und Weise, weil 
950;Liste3;16;21;f;deutsch;nein;rechts;50;2;<id: item 50, condition 2>;Die Annalena erschreckte den Yannik durch irre Grimassen und Schreie, weil ;dieser damit nicht gerechnet hatte.;1;objekt;sonstig;;14055088973092.0;;;;;Die Annalena erschreckte den Yannik durch irre Grimassen und Schreie, weil dieser damit nicht gerechnet hatte.;Die Annalena erschreckte den Yannik durch irre Grimassen und Schreie, weil 
2159;Liste3;36;21;m;deutsch (im Kindergarten);Türkisch;rechts;59;1;<id: item 59, condition 1>;Der Kevin verblüffte die Jennifer durch einen unerwarteten Kuss auf den Mund, weil ;beide besoffen entlang dem Fluss liefen.;pl;;;;14056025761746.0;;;;;Der Kevin verblüffte die Jennifer durch einen unerwarteten Kuss auf den Mund, weil beide besoffen entlang dem Fluss liefen.;Der Kevin verblüffte die Jennifer durch einen unerwarteten Kuss auf den Mund, weil 
2236;Liste2;38;23;m;deutsch;nein;links;16;3;<id: item 16, condition 3>;Der Daniel verachtete die Jacqueline seit vielen Jahren nun schon in allerhöchstem Grade, weil ;sie eine Frau ist.;1;objekt;pers;;14056011969509.0;;;;;Der Daniel verachtete die Jacqueline seit vielen Jahren nun schon in allerhöchstem Grade, weil sie eine Frau ist.;Der Daniel verachtete die Jacqueline seit vielen Jahren nun schon in allerhöchstem Grade, weil 
1025;Liste3;18;24;f;deutsch;nein;rechts;5;3;<id: item 5, condition 3>;Der Phillip bewunderte die Emma seit längerer Zeit über alle Maßen, weil ;sie die Eigenschaften dieser Blumen kennt.;1;objekt;pers;;14056007489004.0;;;;;Der Phillip bewunderte die Emma seit längerer Zeit über alle Maßen, weil sie die Eigenschaften dieser Blumen kennt.;Der Phillip bewunderte die Emma seit längerer Zeit über alle Maßen, weil 
588;Liste3;10;28;f;deutsch;nein;rechts;48;4;<id: item 48, condition 4>;Die Stefanie entzückte den Tom bei einem Besuch vorgestern über alle Maßen, weil ;sie ein wunderschönes rotes Kleid trug.;1;subjekt;pers;;14055939568261.0;1;subjekt;pers;"Dieses Prompt finde ich syntaktisch zu schwer gegen Ende: ""bei einem Besuch vorgestern über alle Maßen"", sehr untypische Adverbialreihenfolge";Die Stefanie entzückte den Tom bei einem Besuch vorgestern über alle Maßen, weil sie ein wunderschönes rotes Kleid trug.;Die Stefanie entzückte den Tom bei einem Besuch vorgestern über alle Maßen, weil 
1196;Liste4;20;29;f;deutsch;nein;rechts;56;1;<id: item 56, condition 1>;Der Niko schockierte die Johanna durch eine Striptease Einlage nach dem Essen, weil ;sie das nun wirklich nicht hatte kommen sehen.;1;objekt;pers;;14056040936803.0;1;objekt;pers;;Der Niko schockierte die Johanna durch eine Striptease Einlage nach dem Essen, weil sie das nun wirklich nicht hatte kommen sehen.;Der Niko schockierte die Johanna durch eine Striptease Einlage nach dem Essen, weil 
123;Liste1;3;35;m;deutsch;nein;rechts;3;3;<id: item 3, condition 3>;Der Patrick bemitleidete die Sonja bei der Faschingsausfahrt aus tiefstem Herzen, weil ;sie nicht mitkonnte;1;objekt;pers;;14061199446573.0;;;;;Der Patrick bemitleidete die Sonja bei der Faschingsausfahrt aus tiefstem Herzen, weil sie nicht mitkonnte;Der Patrick bemitleidete die Sonja bei der Faschingsausfahrt aus tiefstem Herzen, weil 
594;Liste3;10;28;f;deutsch;nein;rechts;54;2;<id: item 54, condition 2>;Die Alexandra irritierte den Lars durch merkwürdige Fragen zur Person, weil ;sie so viele Dinge über sein Haustier wissen wollte.;1;subjekt;pers;;14055937031711.0;;;;;Die Alexandra irritierte den Lars durch merkwürdige Fragen zur Person, weil sie so viele Dinge über sein Haustier wissen wollte.;Die Alexandra irritierte den Lars durch merkwürdige Fragen zur Person, weil 
1376;Liste2;23;22;m;deutsch;nein;rechts;56;3;<id: item 56, condition 3>;Der Niko schockierte die Johanna bei dem Essen auf abartige Art und Weise, weil ;er völlig betrunken ankam und sich während des Essens über den Tisch erbrochen hat.;1;subjekt;pers;;14055972344384.0;;;;;Der Niko schockierte die Johanna bei dem Essen auf abartige Art und Weise, weil er völlig betrunken ankam und sich während des Essens über den Tisch erbrochen hat.;Der Niko schockierte die Johanna bei dem Essen auf abartige Art und Weise, weil 
717;Liste1;12;20;f;deutsch;Englisch;rechts;57;1;<id: item 57, condition 1>;Der Max störte die Kathrin durch das laute Gekreische an einer Engstelle, weil ;sie davon Ohrenschmerzen bekam.;1;objekt;pers;;14055975145769.0;;;;;Der Max störte die Kathrin durch das laute Gekreische an einer Engstelle, weil sie davon Ohrenschmerzen bekam.;Der Max störte die Kathrin durch das laute Gekreische an einer Engstelle, weil 
1032;Liste3;18;24;f;deutsch;nein;rechts;12;4;<id: item 12, condition 4>;Die Katharina respektierte den Peter im Laufe der Zeit mehr und mehr, weil ;er seine Meinungen immer genau belegen kann und nie persönlich wird.;1;objekt;pers;;14056017261012.0;;;;;Die Katharina respektierte den Peter im Laufe der Zeit mehr und mehr, weil er seine Meinungen immer genau belegen kann und nie persönlich wird.;Die Katharina respektierte den Peter im Laufe der Zeit mehr und mehr, weil 
1085;Liste2;19;24;f;deutsch;ja;rechts;5;2;<id: item 5, condition 2>;Die Emma bewunderte den Phillip für die Neuzüchtung einer Orchideenart, weil ;sie Orchideen liebt.;1;subjekt;pers;;14055978415321.0;;;;;Die Emma bewunderte den Phillip für die Neuzüchtung einer Orchideenart, weil sie Orchideen liebt.;Die Emma bewunderte den Phillip für die Neuzüchtung einer Orchideenart, weil 
413;Liste4;7;22;m;deutsch;nein;rechts;53;4;<id: item 53, condition 4>;Die Rosa inspirierte den Thomas in hohem Maße bei einem neulich stattgefundenen Treffen, weil ;er innovative Methoden benutzte.;ns;;;;14055949680065.0;;;;;Die Rosa inspirierte den Thomas in hohem Maße bei einem neulich stattgefundenen Treffen, weil er innovative Methoden benutzte.;Die Rosa inspirierte den Thomas in hohem Maße bei einem neulich stattgefundenen Treffen, weil 
1142;Liste4;20;29;f;deutsch;nein;rechts;2;3;<id: item 2, condition 3>;Der Sebastian bedauerte die Laura heute Morgen ganz außerordentlich, weil ;sie zum Mathetest in die Schule musste, während er mit einem Schnupfen im Bett bleiben konnte.;1;objekt;pers;;14056051255374.0;1;objekt;pers;;Der Sebastian bedauerte die Laura heute Morgen ganz außerordentlich, weil sie zum Mathetest in die Schule musste, während er mit einem Schnupfen im Bett bleiben konnte.;Der Sebastian bedauerte die Laura heute Morgen ganz außerordentlich, weil 
228;Liste4;4;24;m;deutsch;nein;rechts;48;1;<id: item 48, condition 1>;Der Tom entzückte die Stefanie gestern mit einer selbst gebackenen Torte, weil ;Stefanie damals ein Kleid mit Torten Muster getragen hatte. ;1;objekt;name;;1406120523688.0;;;;;Der Tom entzückte die Stefanie gestern mit einer selbst gebackenen Torte, weil Stefanie damals ein Kleid mit Torten Muster getragen hatte. ;Der Tom entzückte die Stefanie gestern mit einer selbst gebackenen Torte, weil 
890;Liste2;15;24;f;deutsch;nein;rechts;50;1;<id: item 50, condition 1>;Der Yannik erschreckte die Annalena durch irre Grimassen und Schreie, weil ;er sie blöd findet,;2;subjekt;pers;;14056011116928.0;;;;;Der Yannik erschreckte die Annalena durch irre Grimassen und Schreie, weil er sie blöd findet,;Der Yannik erschreckte die Annalena durch irre Grimassen und Schreie, weil 
2088;Liste1;35;24;m;deutsch;nein;rechts;48;2;<id: item 48, condition 2>;Die Stefanie entzückte den Tom gestern mit einer selbst gebackenen Torte, weil ;sie ihn für sich gewinnen will;2;subjekt;pers;;14056028573318.0;;;;;Die Stefanie entzückte den Tom gestern mit einer selbst gebackenen Torte, weil sie ihn für sich gewinnen will;Die Stefanie entzückte den Tom gestern mit einer selbst gebackenen Torte, weil 
1630;Liste1;28;22;f;deutsch;nein;rechts;10;4;<id: item 10, condition 4>;Die Jessica misstraute dem Steffen nun schon seit geraumer Zeit, weil ;er Geld veruntreut hat;1;objekt;pers;;14055958220853.0;;;;;Die Jessica misstraute dem Steffen nun schon seit geraumer Zeit, weil er Geld veruntreut hat;Die Jessica misstraute dem Steffen nun schon seit geraumer Zeit, weil 
914;Liste3;16;21;f;deutsch;nein;rechts;14;2;<id: item 14, condition 2>;Die Melanie sorgte sich um den Florian wegen des hohen Alkoholkonsums, weil ;sie ihn nachts immer brüllen hörte und sich die Altglasflaschen vor seiner Zimmertür stapelten.;2;subjekt;pers;;14055088154053.0;2;subjekt;pers;;Die Melanie sorgte sich um den Florian wegen des hohen Alkoholkonsums, weil sie ihn nachts immer brüllen hörte und sich die Altglasflaschen vor seiner Zimmertür stapelten.;Die Melanie sorgte sich um den Florian wegen des hohen Alkoholkonsums, weil 
1875;Liste1;32;24;f;deutsch;nein;rechts;15;3;<id: item 15, condition 3>;Der Andre verabscheute die Elisabeth im Laufe der letzten Jahre in immer stärkerem Maß, weil ;sie sich zum Negativen verändert hat.;1;objekt;pers;;14055933472665.0;;;;;Der Andre verabscheute die Elisabeth im Laufe der letzten Jahre in immer stärkerem Maß, weil sie sich zum Negativen verändert hat.;Der Andre verabscheute die Elisabeth im Laufe der letzten Jahre in immer stärkerem Maß, weil 
184;Liste4;4;24;m;deutsch;nein;rechts;4;1;<id: item 4, condition 1>;Der Martin beneidete die Saskia um die guten Kontakte zum Management, weil ;er ihr den schnellen Erfolg nicht gönnt. ;2;subjekt;pers;;14061214406441.0;;;;;Der Martin beneidete die Saskia um die guten Kontakte zum Management, weil er ihr den schnellen Erfolg nicht gönnt. ;Der Martin beneidete die Saskia um die guten Kontakte zum Management, weil 
468;Liste2;8;25;f;deutsch;nein;rechts;48;3;<id: item 48, condition 3>;Der Tom entzückte die Stefanie bei einem Besuch vorgestern über alle Maßen, weil ;er sehr aufmerksam war.;1;subjekt;pers;;14055087706011.0;;;;;Der Tom entzückte die Stefanie bei einem Besuch vorgestern über alle Maßen, weil er sehr aufmerksam war.;Der Tom entzückte die Stefanie bei einem Besuch vorgestern über alle Maßen, weil 
1069;Liste3;18;24;f;deutsch;nein;rechts;49;3;<id: item 49, condition 3>;Der Armin erfreute die Nina beim gemeinsamen Training in höchstem Maße, weil ;er ihr einen neuen Sportdrink mitbrachte.;2;subjekt;pers;;14056013260327.0;2;subjekt;pers;;Der Armin erfreute die Nina beim gemeinsamen Training in höchstem Maße, weil er ihr einen neuen Sportdrink mitbrachte.;Der Armin erfreute die Nina beim gemeinsamen Training in höchstem Maße, weil 
308;Liste2;6;25;f;deutsch;nein;rechts;8;3;<id: item 8, condition 3>;Der Christian hasste die Jasmin seit mehreren Wochen aus tiefstem Herzen, weil ;sie ein mädchen ist.;1;objekt;pers;;14055934168548.0;;;;;Der Christian hasste die Jasmin seit mehreren Wochen aus tiefstem Herzen, weil sie ein mädchen ist.;Der Christian hasste die Jasmin seit mehreren Wochen aus tiefstem Herzen, weil 
1622;Liste1;28;22;f;deutsch;nein;rechts;2;4;<id: item 2, condition 4>;Die Laura bedauerte den Sebastian heute Morgen ganz außerordentlich, weil ;er Pickel im Gesicht hat;1;objekt;pers;;14055951558834.0;;;;;Die Laura bedauerte den Sebastian heute Morgen ganz außerordentlich, weil er Pickel im Gesicht hat;Die Laura bedauerte den Sebastian heute Morgen ganz außerordentlich, weil 
791;Liste3;14;24;m;deutsch;nein;rechts;11;1;<id: item 11, condition 1>;Der Mark mochte die Eva für den toleranten Umgang mit Fremden, weil ;Toleranz seine oberste Maxime ist.;0-poss;subjekt;poss;;14055973994192.0;;;;;Der Mark mochte die Eva für den toleranten Umgang mit Fremden, weil Toleranz seine oberste Maxime ist.;Der Mark mochte die Eva für den toleranten Umgang mit Fremden, weil 
8;Liste4;1;24;m;deutsch;nein;rechts;8;1;<id: item 8, condition 1>;Der Christian hasste die Jasmin für die extrem fiesen Sprüche über die Brille, weil ;das gemein war.;0;;;;14055977804608.0;;;;;Der Christian hasste die Jasmin für die extrem fiesen Sprüche über die Brille, weil das gemein war.;Der Christian hasste die Jasmin für die extrem fiesen Sprüche über die Brille, weil 
1212;Liste2;21;24;f;deutsch;nein;rechts;12;3;<id: item 12, condition 3>;Der Peter respektierte die Katharina im Laufe der Zeit mehr und mehr, weil ;sie ihre Meinung immer gut begründete und anderen auch zuhörte.;1;objekt;pers;;14056019861277.0;;;;;Der Peter respektierte die Katharina im Laufe der Zeit mehr und mehr, weil sie ihre Meinung immer gut begründete und anderen auch zuhörte.;Der Peter respektierte die Katharina im Laufe der Zeit mehr und mehr, weil 
473;Liste2;8;25;f;deutsch;nein;rechts;53;2;<id: item 53, condition 2>;Die Rosa inspirierte den Thomas durch eine Vortragsreihe mit bahnbrechenden Erkenntnissen, weil ;diese Erkenntnisse vielleicht zu einem Durchbruch führen könnten.;0;;;;14055085834202.0;;;;;Die Rosa inspirierte den Thomas durch eine Vortragsreihe mit bahnbrechenden Erkenntnissen, weil diese Erkenntnisse vielleicht zu einem Durchbruch führen könnten.;Die Rosa inspirierte den Thomas durch eine Vortragsreihe mit bahnbrechenden Erkenntnissen, weil 
136;Liste1;3;35;m;deutsch;nein;rechts;16;2;<id: item 16, condition 2>;Die Jacqueline verachtete den Daniel für die Respektlosigkeit gegenüber den Mitgliedern, weil ;nicht fortsatzbar;nf;;;;14061197160574.0;;;;;Die Jacqueline verachtete den Daniel für die Respektlosigkeit gegenüber den Mitgliedern, weil nicht fortsatzbar;Die Jacqueline verachtete den Daniel für die Respektlosigkeit gegenüber den Mitgliedern, weil 
2115;Liste3;36;21;m;deutsch (im Kindergarten);Türkisch;rechts;15;1;<id: item 15, condition 1>;Der Andre verabscheute die Elisabeth für den hinterhältigen Umgang mit den Kunden, weil ;er sie letztens beim Augenrollen erblickte.;2;subjekt;pers;;14056033793304.0;;;;;Der Andre verabscheute die Elisabeth für den hinterhältigen Umgang mit den Kunden, weil er sie letztens beim Augenrollen erblickte.;Der Andre verabscheute die Elisabeth für den hinterhältigen Umgang mit den Kunden, weil 
289;Liste2;5;31;m;deutsch;nein;rechts;49;2;<id: item 49, condition 2>;Die Nina erfreute den Armin durch ein Kompliment über die sportliche Figur, weil ;er sich darüber definiert.;1;objekt;pers;;14056051728022.0;1;objekt;pers;;Die Nina erfreute den Armin durch ein Kompliment über die sportliche Figur, weil er sich darüber definiert.;Die Nina erfreute den Armin durch ein Kompliment über die sportliche Figur, weil 
1869;Liste1;32;24;f;deutsch;nein;rechts;9;1;<id: item 9, condition 1>;Der Marcel liebte die Anja für die extreme Großzügigkeit gegenüber Bedürftigen, weil ;sie immer Geld an Hilfsorganisationen spendet.;1;objekt;pers;;14055929026415.0;;;;;Der Marcel liebte die Anja für die extreme Großzügigkeit gegenüber Bedürftigen, weil sie immer Geld an Hilfsorganisationen spendet.;Der Marcel liebte die Anja für die extreme Großzügigkeit gegenüber Bedürftigen, weil 
1391;Liste1;24;19;m;deutsch;nein;rechts;11;3;<id: item 11, condition 3>;Der Mark mochte die Eva vom ersten Augenblick der Konferenz an, weil ;sie einen sehr tiefen Ausschnitt trug.;1;objekt;pers;;14055977126856.0;1;objekt;pers;;Der Mark mochte die Eva vom ersten Augenblick der Konferenz an, weil sie einen sehr tiefen Ausschnitt trug.;Der Mark mochte die Eva vom ersten Augenblick der Konferenz an, weil 
1809;Liste4;31;27;f;deutsch;Türkisch;rechts;9;4;<id: item 9, condition 4>;Die Anja liebte den Marcel aus der gesamten Verwandtschaft am Allermeisten, weil ;er sie immer zum Lachen bringen kann;2;objekt;pers;;14055112899641.0;;;;;Die Anja liebte den Marcel aus der gesamten Verwandtschaft am Allermeisten, weil er sie immer zum Lachen bringen kann;Die Anja liebte den Marcel aus der gesamten Verwandtschaft am Allermeisten, weil 
1083;Liste2;19;24;f;deutsch;ja;rechts;3;4;<id: item 3, condition 4>;Die Sonja bemitleidete den Patrick bei der Faschingsausfahrt aus tiefstem Herzen, weil ;er aufgrund seines Beinbruchs nicht am Ausflug teilnehmen konnte.;1;objekt;pers;;14055973221545.0;;;;;Die Sonja bemitleidete den Patrick bei der Faschingsausfahrt aus tiefstem Herzen, weil er aufgrund seines Beinbruchs nicht am Ausflug teilnehmen konnte.;Die Sonja bemitleidete den Patrick bei der Faschingsausfahrt aus tiefstem Herzen, weil 
2237;Liste2;38;23;m;deutsch;nein;links;17;2;<id: item 17, condition 2>;Die Nadine verehrte den Stephan für die Entwürfe der neuen Kollektion, weil ;sie selber gerne etwas von seiner Kreativität besitzen würde.;1;subjekt;pers;;14056003434095.0;;;;;Die Nadine verehrte den Stephan für die Entwürfe der neuen Kollektion, weil sie selber gerne etwas von seiner Kreativität besitzen würde.;Die Nadine verehrte den Stephan für die Entwürfe der neuen Kollektion, weil 
380;Liste4;7;22;m;deutsch;nein;rechts;20;1;<id: item 20, condition 1>;Der Tobias vertraute der Verena wegen der stoischen Ruhe bei Not-OPs, weil ;das im OPunbedingt notwendig ist.;0;;;;14055942301258.0;;;;;Der Tobias vertraute der Verena wegen der stoischen Ruhe bei Not-OPs, weil das im OPunbedingt notwendig ist.;Der Tobias vertraute der Verena wegen der stoischen Ruhe bei Not-OPs, weil 
370;Liste4;7;22;m;deutsch;nein;rechts;10;3;<id: item 10, condition 3>;Der Steffen misstraute der Jessica nun schon seit geraumer Zeit, weil ;sie den Bedürftigen keine Beachung mehr schenkte.;1;objekt;pers;;14055948462693.0;;;;;Der Steffen misstraute der Jessica nun schon seit geraumer Zeit, weil sie den Bedürftigen keine Beachung mehr schenkte.;Der Steffen misstraute der Jessica nun schon seit geraumer Zeit, weil 
258;Liste2;5;31;m;deutsch;nein;rechts;18;1;<id: item 18, condition 1>;Der Dennis vergötterte die Maja für die unglaubliche Stimme, weil ;sie ein wunderschönes Vibrato hat und die Arie der Königin der Nacht singen kann.;1;objekt;pers;;1405604444187.0;;;;;Der Dennis vergötterte die Maja für die unglaubliche Stimme, weil sie ein wunderschönes Vibrato hat und die Arie der Königin der Nacht singen kann.;Der Dennis vergötterte die Maja für die unglaubliche Stimme, weil 
2277;Liste2;38;23;m;deutsch;nein;links;57;2;<id: item 57, condition 2>;Die Kathrin störte den Max durch das laute Gekreische an einer Engstelle, weil ;er Angst hatte.;1;objekt;pers;;14056009890992.0;;;;;Die Kathrin störte den Max durch das laute Gekreische an einer Engstelle, weil er Angst hatte.;Die Kathrin störte den Max durch das laute Gekreische an einer Engstelle, weil 
1131;Liste2;19;24;f;deutsch;ja;rechts;51;4;<id: item 51, condition 4>;Die Heidi erstaunte den Benedikt in allergrößtem Ausmaß gestern bei der Show, weil ;sie ihm sagte, sie wäre aufgeregt.;2;subjekt;pers;;14055981705063.0;;;;;Die Heidi erstaunte den Benedikt in allergrößtem Ausmaß gestern bei der Show, weil sie ihm sagte, sie wäre aufgeregt.;Die Heidi erstaunte den Benedikt in allergrößtem Ausmaß gestern bei der Show, weil 
76;Liste3;2;20;f;deutsch;nein;rechts;16;4;<id: item 16, condition 4>;Die Jacqueline verachtete den Daniel seit vielen Jahren nun schon in allerhöchstem Grade, weil ;er viel Erfahrung im leiten eines Hotels hat und man ihn immer um Rat fragen kann. ;ns;;;;14056056366325.0;;;;;Die Jacqueline verachtete den Daniel seit vielen Jahren nun schon in allerhöchstem Grade, weil er viel Erfahrung im leiten eines Hotels hat und man ihn immer um Rat fragen kann. ;Die Jacqueline verachtete den Daniel seit vielen Jahren nun schon in allerhöchstem Grade, weil 
974;Liste2;17;22;f;deutsch;nein;rechts;14;1;<id: item 14, condition 1>;Der Florian sorgte sich um die Melanie wegen des hohen Alkoholkonsums, weil ;das nicht gesund ist.;0;;;;14055072113137.0;;;;;Der Florian sorgte sich um die Melanie wegen des hohen Alkoholkonsums, weil das nicht gesund ist.;Der Florian sorgte sich um die Melanie wegen des hohen Alkoholkonsums, weil 
1076;Liste3;18;24;f;deutsch;nein;rechts;56;4;<id: item 56, condition 4>;Die Johanna schockierte den Niko bei dem Essen auf abartige Art und Weise, weil ;sie bei Tisch rülpste.;1;subjekt;pers;;1405601252653.0;1;subjekt;pers;;Die Johanna schockierte den Niko bei dem Essen auf abartige Art und Weise, weil sie bei Tisch rülpste.;Die Johanna schockierte den Niko bei dem Essen auf abartige Art und Weise, weil 
344;Liste2;6;25;f;deutsch;nein;rechts;44;3;<id: item 44, condition 3>;Der Nikolas begeisterte die Leonie neulich bei einem Grillfest in der Nachbarschaft, weil ;sie sich so näher kennelernen konnten-;pl;;;;14055939050825.0;pl;;;;Der Nikolas begeisterte die Leonie neulich bei einem Grillfest in der Nachbarschaft, weil sie sich so näher kennelernen konnten-;Der Nikolas begeisterte die Leonie neulich bei einem Grillfest in der Nachbarschaft, weil 
440;Liste2;8;25;f;deutsch;nein;rechts;20;3;<id: item 20, condition 3>;Der Tobias vertraute der Verena bis zum Äußersten, weil ;sie noch nie einen Patienten verloren hatte.;1;objekt;pers;;14055101950259.0;;;;;Der Tobias vertraute der Verena bis zum Äußersten, weil sie noch nie einen Patienten verloren hatte.;Der Tobias vertraute der Verena bis zum Äußersten, weil 
2101;Liste3;36;21;m;deutsch (im Kindergarten);Türkisch;rechts;1;3;<id: item 1, condition 3>;Der Bastian achtete die Elena mehr als jeden anderen WG-Mitbewohner, weil ;er sich jedesmal bei ihr ausheulen konnte.;2;subjekt;pers;;14056018861596.0;;;;;Der Bastian achtete die Elena mehr als jeden anderen WG-Mitbewohner, weil er sich jedesmal bei ihr ausheulen konnte.;Der Bastian achtete die Elena mehr als jeden anderen WG-Mitbewohner, weil 
775;Liste4;13;19;f;deutsch;nein;rechts;55;2;<id: item 55, condition 2>;Die Sabrina langweilte den Oliver durch Erzählungen von der Arbeit, weil ;er sich unter ihrem Beruf gar nichts vorstellen konnte.;1;objekt;pers;;14055084681347.0;;;;;Die Sabrina langweilte den Oliver durch Erzählungen von der Arbeit, weil er sich unter ihrem Beruf gar nichts vorstellen konnte.;Die Sabrina langweilte den Oliver durch Erzählungen von der Arbeit, weil 
853;Liste2;15;24;f;deutsch;nein;rechts;13;2;<id: item 13, condition 2>;Die Carina schätzte den Julian für das handwerkliche Geschick, weil ;er fast alles reparieren kann.;1;objekt;pers;;14056004501029.0;;;;;Die Carina schätzte den Julian für das handwerkliche Geschick, weil er fast alles reparieren kann.;Die Carina schätzte den Julian für das handwerkliche Geschick, weil 
133;Liste1;3;35;m;deutsch;nein;rechts;13;1;<id: item 13, condition 1>;Der Julian schätzte die Carina für das handwerkliche Geschick, weil ;er ein macho ist und denkt dass frauen das eigentlich nicht können;1;subjekt;pers;;14061202415559.0;1;subjekt;pers;;Der Julian schätzte die Carina für das handwerkliche Geschick, weil er ein macho ist und denkt dass frauen das eigentlich nicht können;Der Julian schätzte die Carina für das handwerkliche Geschick, weil 
544;Liste3;10;28;f;deutsch;nein;rechts;4;4;<id: item 4, condition 4>;Die Saskia beneidete den Martin über jedes angemessene Maß hinaus, weil ;er einfach alles zu haben scheint.;1;objekt;pers;;14055945053259.0;;;;;Die Saskia beneidete den Martin über jedes angemessene Maß hinaus, weil er einfach alles zu haben scheint.;Die Saskia beneidete den Martin über jedes angemessene Maß hinaus, weil 
174;Liste1;3;35;m;deutsch;nein;rechts;54;4;<id: item 54, condition 4>;Die Alexandra irritierte den Lars auf überaus befremdliche Art und Weise, weil ;sie ihn direkt zu einem dreier einlud;2;subjekt;pers;;1406119028402.0;;;;;Die Alexandra irritierte den Lars auf überaus befremdliche Art und Weise, weil sie ihn direkt zu einem dreier einlud;Die Alexandra irritierte den Lars auf überaus befremdliche Art und Weise, weil 
1146;Liste4;20;29;f;deutsch;nein;rechts;6;3;<id: item 6, condition 3>;Der Michael ekelte sich vor der Ellen schon seit geraumer Zeit bis aufs Äußerste, weil ;sie sich weigerte, einen Abszess unter der linken Augenbraue entfernen zu lassen.;1;objekt;pers;;14056050320009.0;;;;;Der Michael ekelte sich vor der Ellen schon seit geraumer Zeit bis aufs Äußerste, weil sie sich weigerte, einen Abszess unter der linken Augenbraue entfernen zu lassen.;Der Michael ekelte sich vor der Ellen schon seit geraumer Zeit bis aufs Äußerste, weil 
2204;Liste4;37;26;f;deutsch;nein;links;44;1;<id: item 44, condition 1>;Der Nikolas begeisterte die Leonie mit dem  besonders schönen Gesang beim Karaoke, weil ;er ihr Lieblingslied sang.;2;subjekt;pers;;1405509942707.0;;;;;Der Nikolas begeisterte die Leonie mit dem  besonders schönen Gesang beim Karaoke, weil er ihr Lieblingslied sang.;Der Nikolas begeisterte die Leonie mit dem  besonders schönen Gesang beim Karaoke, weil 
2034;Liste4;34;25;m;deutsch;nein;rechts;54;3;<id: item 54, condition 3>;Der Lars irritierte die Alexandra auf überaus befremdliche Art und Weise, weil ;er sich nicht für sie interessierte.;2;subjekt;pers;;1405596409116.0;;;;;Der Lars irritierte die Alexandra auf überaus befremdliche Art und Weise, weil er sich nicht für sie interessierte.;Der Lars irritierte die Alexandra auf überaus befremdliche Art und Weise, weil 
1155;Liste4;20;29;f;deutsch;nein;rechts;15;2;<id: item 15, condition 2>;Die Elisabeth verabscheute den Andre für den hinterhältigen Umgang mit den Kunden, weil ;sie selbst einen stark ausgeprägten inneren moralischen Kompass hat.;1;subjekt;pers;;14056053754272.0;1;subjekt;pers;;Die Elisabeth verabscheute den Andre für den hinterhältigen Umgang mit den Kunden, weil sie selbst einen stark ausgeprägten inneren moralischen Kompass hat.;Die Elisabeth verabscheute den Andre für den hinterhältigen Umgang mit den Kunden, weil 
955;Liste3;16;21;f;deutsch;nein;rechts;55;1;<id: item 55, condition 1>;Der Oliver langweilte die Sabrina durch Erzählungen von der Arbeit, weil ;in es sich in diesen Erzählungen immer nur um Büroangelegenheiten handelte.;ns;;;;14055079499126.0;;;;;Der Oliver langweilte die Sabrina durch Erzählungen von der Arbeit, weil in es sich in diesen Erzählungen immer nur um Büroangelegenheiten handelte.;Der Oliver langweilte die Sabrina durch Erzählungen von der Arbeit, weil 
1040;Liste3;18;24;f;deutsch;nein;rechts;20;4;<id: item 20, condition 4>;Die Verena vertraute dem Tobias bis zum Äußersten, weil ;er noch nie einen Fehler gemacht hatte.;1;objekt;pers;;14056014696865.0;1;objekt;pers;;Die Verena vertraute dem Tobias bis zum Äußersten, weil er noch nie einen Fehler gemacht hatte.;Die Verena vertraute dem Tobias bis zum Äußersten, weil 
1073;Liste3;18;24;f;deutsch;nein;rechts;53;3;<id: item 53, condition 3>;Der Thomas inspirierte die Rosa in hohem Maße bei einem neulich stattgefundenen Treffen, weil ;er einen ganz neuen Faktor in die Diskussion einbrachte.;1;subjekt;pers;;14056021902756.0;;;;;Der Thomas inspirierte die Rosa in hohem Maße bei einem neulich stattgefundenen Treffen, weil er einen ganz neuen Faktor in die Diskussion einbrachte.;Der Thomas inspirierte die Rosa in hohem Maße bei einem neulich stattgefundenen Treffen, weil 
1138;Liste2;19;24;f;deutsch;ja;rechts;58;1;<id: item 58, condition 1>;Der Ramon überraschte die Helene mit einem ausgefallenen Geschenk zum Geburtstag, weil ;sie eigentlich kein Geschenk von ihm erwartet hätte.;2;objekt;pers;;14055983927672.0;2;objekt;pers;von-Phrase nicht als DP-Adjunkt analysiert;Der Ramon überraschte die Helene mit einem ausgefallenen Geschenk zum Geburtstag, weil sie eigentlich kein Geschenk von ihm erwartet hätte.;Der Ramon überraschte die Helene mit einem ausgefallenen Geschenk zum Geburtstag, weil 
249;Liste2;5;31;m;deutsch;nein;rechts;9;2;<id: item 9, condition 2>;Die Anja liebte den Marcel für die extreme Großzügigkeit gegenüber Bedürftigen, weil ;die Jesus erstem Gebot entspricht.;0;;;;14056046904803.0;0;;;;Die Anja liebte den Marcel für die extreme Großzügigkeit gegenüber Bedürftigen, weil die Jesus erstem Gebot entspricht.;Die Anja liebte den Marcel für die extreme Großzügigkeit gegenüber Bedürftigen, weil 
162;Liste1;3;35;m;deutsch;nein;rechts;42;4;<id: item 42, condition 4>;Die Anne ängstigte den Leon in hohem Grade seit Beginn der Sommerferien, weil ;sie unkontrolliert trinkt;1;subjekt;pers;;14061198542578.0;1;subjekt;pers;;Die Anne ängstigte den Leon in hohem Grade seit Beginn der Sommerferien, weil sie unkontrolliert trinkt;Die Anne ängstigte den Leon in hohem Grade seit Beginn der Sommerferien, weil 
1794;Liste2;30;24;f;deutsch;nein;rechts;54;1;<id: item 54, condition 1>;Der Lars irritierte die Alexandra durch merkwürdige Fragen zur Person, weil ;er unbedingt wissen wollte, warum sie ihre Haare färbt.;1;subjekt;pers;;1405597063833.0;;;;;Der Lars irritierte die Alexandra durch merkwürdige Fragen zur Person, weil er unbedingt wissen wollte, warum sie ihre Haare färbt.;Der Lars irritierte die Alexandra durch merkwürdige Fragen zur Person, weil 
